teacher,full_name,staff_email
Teacher,"",""
"Bencomo, Chanel L.","Chanel Bencomo",chanel.bencomo@aps.edu
"Gallegos, Michael R.","Michael Gallegos",michael.gallegos@aps.edu
"Auddino, Samantha","Samantha Auddino",samantha.auddino@aps.edu
"Bitsie, Terri A.","Terri Bitsie",terri.bitsie@aps.edu
"Schell, Kelly S.","Kelly Schell",kelly.schell@aps.edu
"Seamster, Pamela E.","Pamela Seamster",pamela.seamster@aps.edu
"Provencio, Sheri A.","Sheri Provencio",sheri.provencio@aps.edu
"Whitney, Logan D.","Logan Whitney",logan.whitney@aps.edu
"Blais, Janie A.","Janie Blais",janie.blais@aps.edu
"Linera, Sandra K.","Sandra Linera",sandra.linera@aps.edu
"Tullar, Christina M.","Christina Tullar",christina.tullar@aps.edu
"Crespin, Tammy B.","Tammy Crespin",tammy.crespin@aps.edu
"Molnar, Kerry A.","Kerry Molnar",kerry.molnar@aps.edu
"Garcia, Thaison J.","Thaison Garcia",thaison.garcia@aps.edu
"Maestas, Naomi N.","Naomi Maestas",naomi.maestas@aps.edu
"Johnson, Brandon S.","Brandon Johnson",brandon.johnson@aps.edu
"Susco Taylor, Kevin R.","Taylor, Susco","taylor,.susco@aps.edu"
"Smith, Ronald B.","Ronald Smith",ronald.smith@aps.edu
"Awes, Emily","Emily Awes",emily.awes@aps.edu
"Buterbaugh, Stephanie","Stephanie Buterbaugh",stephanie.buterbaugh@aps.edu
"Feil, Christopher O.","Christopher Feil",christopher.feil@aps.edu
"Foster, Ariel L.","Ariel Foster",ariel.foster@aps.edu
"Field, James A.","James Field",james.field@aps.edu
"Camacho, Caitlynn N.","Caitlynn Camacho",caitlynn.camacho@aps.edu
"Siedlecki, John L.","John Siedlecki",john.siedlecki@aps.edu
"Porter, Claire M.","Claire Porter",claire.porter@aps.edu
"Stoddard, Teresa M.","Teresa Stoddard",teresa.stoddard@aps.edu
"Stanley, Sarah I.","Sarah Stanley",sarah.stanley@aps.edu
"Cadwell, Kathryn E.","Kathryn Cadwell",kathryn.cadwell@aps.edu
"Ostrom, Crescent J.","Crescent Ostrom",crescent.ostrom@aps.edu
"Barker, Phyllis A.","Phyllis Barker",phyllis.barker@aps.edu
"Gray, Andrew D.","Andrew Gray",andrew.gray@aps.edu
"Porter, Nicholas A.","Nicholas Porter",nicholas.porter@aps.edu
"Swauger Seckler, Tracy L.","Seckler, Swauger","seckler,.swauger@aps.edu"
"Trujillo-Fairbanks, Teresa J.","Teresa Trujillo-Fairbanks",teresa.trujillo-fairbanks@aps.edu
"Campos, Janice I.","Janice Campos",janice.campos@aps.edu
"Hurst, Leann","Leann Hurst",leann.hurst@aps.edu
"Leigh, Jennifer","Jennifer Leigh",jennifer.leigh@aps.edu
"Matosian, Sarah L.","Sarah Matosian",sarah.matosian@aps.edu
"Fernandez, Stacey R.","Stacey Fernandez",stacey.fernandez@aps.edu
"Leger, William A.","William Leger",william.leger@aps.edu
"Chavez, Gilbert J.","Gilbert Chavez",gilbert.chavez@aps.edu
"Montgomery, Courtney","Courtney Montgomery",courtney.montgomery@aps.edu
"Sadler, Myranda M.","Myranda Sadler",myranda.sadler@aps.edu
"Admin, Admin","Admin Admin",admin.admin@aps.edu
"Middleton, Kimberly A.","Kimberly Middleton",kimberly.middleton@aps.edu
"Fuchs, Brian D.","Brian Fuchs",brian.fuchs@aps.edu
"Lizewski, Coleen A.","Coleen Lizewski",coleen.lizewski@aps.edu
"Kehoe, Elena N.","Elena Kehoe",elena.kehoe@aps.edu
"Wise, Justice R.","Justice Wise",justice.wise@aps.edu
"Creel, Darrell R.","Darrell Creel",darrell.creel@aps.edu
"Stein, Wendy J.","Wendy Stein",wendy.stein@aps.edu
"Berg, Lindsey D.","Lindsey Berg",lindsey.berg@aps.edu
"Kappus, Matthew D.","Matt Kappus",matthew.kappus@aps.edu
